{"cameraMode":{"drawMode":0,"name":"Shaded","section":"Shading Mode"},"sceneLighting":true,"audioPlay":false,"sceneViewState":{"showFog":true,"showMaterialUpdate":false,"showSkybox":true,"showFlares":true,"showImageEffects":true,"showParticleSystems":true},"in2DMode":false,"pivot":{"x":27.3538818359375,"y":24.835723876953126,"z":4.418970108032227},"rotation":{"x":0.37818893790245058,"y":0.5393694043159485,"z":-0.2948654592037201,"w":0.692231297492981},"size":341.998291015625,"orthographic":false}